PassengerId,Survived,Pclass,Title,Sex,Age,SibSp,Parch,Fare,Cabin,Embarked
1,1,2,Miss,female,32.5,1,0,34.9008,,S
2,1,3,Mrs,female,27.6,0,0,6.0646,,S
3,0,3,Mr,male,17.0,0,0,8.763,,S
4,0,3,Mrs,female,9.2,0,0,4.9657,,S
5,0,1,Mr,male,4.4,0,0,40.4001,,S
6,0,1,Mr,male,31.4,1,0,108.7792,,S
7,1,1,Miss,female,7.6,0,0,107.1949,D19,Q
8,0,3,Mr,male,13.3,0,1,18.3609,D102,S
9,0,3,Mr,male,,0,1,8.6752,,S
10,0,3,Mr,male,0.4,8,0,12.6617,,Q
11,0,1,Mr,male,41.0,0,0,72.3543,B111,C
12,0,3,Mr,male,0.4,2,0,29.3065,,S
13,0,3,Mr,male,28.6,0,0,7.907,,S
14,0,1,Master,male,29.9,0,1,43.969,,C
15,1,1,Miss,female,37.5,0,0,49.4845,,S
16,1,1,Miss,female,29.1,0,0,144.7247,,S
17,0,2,Master,male,59.0,0,1,30.2033,,C
18,0,3,Master,male,32.8,0,1,3.8466,,S
19,1,2,Master,male,45.0,2,0,5.5201,,S
20,0,2,Mr,male,19.2,1,0,23.4424,,S
21,0,3,Mr,male,,1,0,11.057,,S
22,0,1,Mr,male,52.1,0,0,11.4719,E51,C
23,0,2,Mr,male,26.3,0,2,5.8678,,S
24,0,2,Master,male,32.5,0,1,17.3389,,C
25,0,3,Mr,male,,1,1,52.0255,,S
26,0,3,Mr,male,18.9,2,0,18.1596,,S
27,1,1,Mrs,female,0.4,0,1,32.3168,,S
28,1,3,Mrs,female,,0,0,28.8381,,S
29,0,3,Mr,male,44.0,0,0,4.6921,,Q
30,1,1,Miss,female,10.1,0,0,44.1439,,S
31,0,3,Master,male,39.4,0,0,28.2594,,S
32,1,1,Miss,female,39.5,0,0,28.654,,S
33,1,1,Mrs,female,,1,0,192.9139,,C
34,1,3,Mr,male,16.1,0,0,1.2995,,S
35,0,3,Mr,male,,0,0,15.9641,,S
36,0,3,Mr,male,27.1,8,0,13.5194,,S
37,0,2,Dr,male,18.9,0,0,34.1185,,S
38,0,1,Mr,male,18.1,0,0,80.3085,,S
39,0,3,Mr,male,,0,1,13.7975,,S
40,0,2,Mr,male,28.1,0,0,10.1847,,C
41,1,1,Mrs,female,19.6,0,0,58.4538,,S
42,0,3,Mrs,female,29.1,1,0,29.41,,S
43,0,1,Mr,male,37.5,0,1,96.5515,,S
44,0,3,Mr,male,30.4,0,0,17.799,A91,S
45,0,2,Mr,male,26.7,0,0,20.9813,E62,C
46,1,3,Mr,male,20.3,0,0,10.0809,,S
47,0,2,Miss,female,20.1,1,0,3.0024,,S
48,0,3,Mr,male,,1,0,26.0722,,S
49,1,3,Mr,male,34.6,0,0,19.0672,,S
50,0,1,Mr,male,15.3,1,0,73.4997,,S
51,0,3,Mr,male,35.4,0,0,5.8385,,S
52,0,3,Miss,female,50.2,5,0,20.164,E105,S
53,0,3,Dr,female,,0,0,5.4515,,C
54,0,3,Mr,male,24.3,5,0,18.0652,,S
55,0,3,Mr,male,,1,0,7.043,,S
56,0,3,Mr,male,,0,0,14.6197,,C
57,0,1,Mrs,female,12.7,0,0,169.1122,G30,S
58,1,1,Miss,female,,8,0,79.7334,A21,S
59,0,1,Dr,male,39.0,1,1,103.1378,E1,S
60,0,2,Mr,male,,0,2,55.1086,,S
61,1,2,Mrs,female,25.9,1,0,23.0977,,S
62,0,2,Mr,male,3.1,0,0,8.03,,S
63,0,3,Miss,female,34.5,0,0,18.4777,,C
64,0,2,Mr,male,38.7,0,1,13.8686,,S
65,0,2,Mr,male,13.9,0,0,48.0911,,S
66,0,3,Mr,male,27.4,1,0,8.8784,,S
67,1,1,Mr,male,30.2,0,1,55.044,,S
68,0,3,Mr,male,38.2,1,0,16.5257,,S
69,1,1,Miss,female,29.8,0,1,88.3372,,S
70,0,3,Mr,male,6.1,0,0,18.291,,S
71,0,3,Mr,male,22.0,0,0,8.2136,,C
72,1,1,Mr,male,33.0,0,1,512.33,,S
73,1,1,Mr,male,41.9,0,0,15.5843,,S
74,0,3,Mr,male,20.7,0,0,7.5071,,C
75,0,3,Mr,male,61.4,0,0,17.7031,E55,S
76,1,3,Miss,female,2.2,0,2,1.9429,,C
77,0,3,Mr,male,21.5,0,0,15.9771,,C
78,1,1,Mr,male,28.5,0,0,87.0151,,S
79,0,2,Mr,male,26.8,1,0,9.8442,E78,Q
80,1,1,Mrs,female,,1,0,98.3637,,S
81,1,3,Mrs,female,36.2,0,0,6.8483,,S
82,1,3,Miss,female,35.1,0,0,19.1875,,C
83,1,2,Mr,male,30.4,0,0,22.494,,S
84,1,1,Mr,male,34.5,3,2,136.9507,,S
85,0,2,Mr,male,23.6,0,0,63.6102,,S
86,0,2,Mr,male,6.2,0,0,22.7202,G13,C
87,0,3,Mr,male,19.3,0,0,24.3258,A16,C
88,0,3,Mr,male,32.0,0,0,4.2155,,S
89,0,3,Mr,male,32.1,0,2,17.6775,,Q
90,0,3,Mr,male,30.3,1,0,1.1318,,S
91,1,1,Miss,female,37.7,0,0,113.7169,F119,S
92,0,3,Mr,male,21.3,0,0,4.2774,,S
93,0,3,Mr,male,30.1,0,0,20.3174,B27,C
94,1,3,Miss,female,,0,0,25.9899,,S
95,0,3,Dr,male,28.5,1,0,17.5418,,S
96,1,3,Miss,female,,0,0,1.945,F35,C
97,0,3,Mr,male,15.8,1,0,8.3268,,Q
98,0,2,Mr,male,41.7,0,0,60.4539,,S
99,1,1,Miss,female,49.9,0,0,105.3139,,S
100,1,1,Miss,female,46.7,3,3,120.3863,,Q
101,1,1,Miss,female,33.1,0,0,29.2121,,C
102,0,3,Mr,male,12.3,1,0,5.5758,,S
103,0,2,Mr,male,29.6,0,0,15.0498,,C
104,0,3,Mr,male,52.4,1,0,22.343,G114,C
105,0,3,Mr,male,38.7,0,0,5.995,G51,Q
106,1,2,Mrs,female,26.7,0,2,57.2347,,C
107,0,2,Master,male,38.8,1,0,4.2887,,S
108,0,3,Miss,female,11.3,2,2,9.8818,,S
109,0,1,Mr,male,,1,0,174.1157,,S
110,0,1,Mr,male,14.0,1,0,29.0915,,S
111,0,2,Mr,male,36.5,1,2,11.8725,F104,C
112,1,1,Miss,female,40.1,0,0,80.0771,G32,Q
113,1,3,Miss,female,,0,2,4.8241,,S
114,0,3,Mrs,female,17.0,0,0,2.2756,,S
115,1,3,Miss,female,,0,2,6.2846,,S
116,1,3,Mrs,female,22.6,0,0,26.0066,,S
117,1,3,Miss,female,18.2,0,0,9.8559,,S
118,1,1,Mr,male,34.6,0,0,28.4597,,S
119,0,3,Mr,male,18.7,1,0,4.7697,,S
120,0,3,Mr,male,7.0,0,0,21.4963,,S
121,0,3,Mrs,female,,0,0,6.4549,B86,S
122,1,3,Miss,female,,0,0,15.6897,,C
123,0,2,Mr,male,33.3,1,0,13.4558,,S
124,1,1,Mrs,female,31.9,1,1,90.0397,A53,S
125,0,1,Mrs,female,31.2,0,0,132.4878,D85,S
126,0,2,Mr,male,,0,0,34.2863,,S
127,0,3,Mr,male,47.0,0,0,5.1659,,C
128,1,3,Miss,female,,0,0,10.0563,B117,S
129,0,1,Mr,male,,0,0,46.8597,,C
130,0,3,Miss,female,6.8,0,0,24.6683,,S
131,1,2,Mr,male,49.7,0,2,7.6895,,S
132,1,1,Miss,female,,0,1,94.7008,A77,S
133,1,1,Miss,female,19.4,3,0,91.2313,E64,S
134,1,2,Miss,female,,3,0,8.3578,E105,S
135,0,3,Dr,male,7.6,0,0,2.29,,C
136,1,2,Miss,female,30.2,0,0,10.1217,,S
137,1,3,Miss,female,,0,0,9.0063,,S
138,0,3,Mr,male,27.0,0,0,9.4396,B41,C
139,1,2,Mrs,female,7.4,3,0,13.206,,Q
140,0,3,Mr,male,58.5,0,0,18.0687,,S
141,0,3,Mr,male,37.7,1,0,20.0788,,S
142,0,2,Mr,male,,0,1,35.8342,,S
143,0,3,Mr,male,,4,0,6.1623,G78,S
144,0,2,Mr,male,43.6,0,1,15.7722,,Q
145,1,2,Miss,female,41.0,1,4,44.4908,F100,S
146,0,1,Mr,male,,0,0,61.9362,,S
147,0,3,Miss,female,50.2,0,0,7.3683,A104,Q
148,0,3,Dr,male,,0,0,16.8506,F114,C
149,0,1,Mr,male,24.5,0,2,114.4246,,S
150,0,2,Mr,male,0.4,2,3,15.2786,E64,C
151,1,3,Miss,female,,2,0,8.2202,,S
152,0,1,Mr,male,10.5,1,0,27.7328,C20,S
153,1,1,Mr,male,21.7,0,1,52.5502,B89,C
154,0,3,Miss,female,14.8,1,0,3.344,,S
155,0,3,Mr,male,24.4,0,1,24.0186,,S
156,1,1,Mr,male,36.1,0,2,16.6142,,S
157,0,3,Mr,male,29.9,0,0,6.6986,,S
158,1,3,Mrs,female,40.0,0,0,13.2271,,S
159,0,1,Mr,male,48.1,0,0,73.5615,D46,S
160,1,3,Mrs,female,24.4,0,0,5.6254,,S
161,0,2,Mr,male,22.8,0,0,21.6216,D87,S
162,0,3,Mrs,female,,1,1,3.5258,,S
163,0,3,Mrs,female,44.7,0,2,13.3377,C8,C
164,1,3,Miss,female,40.4,0,2,6.1325,B95,S
165,0,1,Master,male,15.9,0,0,19.753,D101,S
166,1,3,Mrs,female,35.8,0,1,9.0736,,S
167,0,2,Master,male,31.3,0,0,31.7843,,S
168,0,1,Mr,male,45.0,0,0,36.0527,,C
169,0,1,Mr,male,21.4,0,0,114.205,,S
170,1,3,Mrs,female,,1,0,10.9363,,S
171,1,3,Miss,female,39.7,0,2,4.7524,C105,S
172,1,1,Mrs,female,0.4,1,0,50.73,,S
173,1,3,Mr,male,19.1,0,0,9.9577,,S
174,1,1,Mr,male,,0,0,17.029,,C
175,0,3,Miss,female,14.8,1,0,8.0677,G52,S
176,0,1,Mr,male,18.8,0,0,20.2233,C15,S
177,0,3,Dr,male,,0,0,19.9386,C63,S
178,0,2,Mr,male,41.6,1,0,23.4238,,S
179,0,3,Mr,male,26.0,0,0,14.8787,,S
180,0,1,Mr,male,46.1,1,1,38.6472,E81,C
181,1,2,Mr,male,14.3,0,0,7.3703,,S
182,0,1,Mr,male,12.3,1,0,82.4772,,S
183,0,3,Mr,male,,0,0,19.5971,,S
184,1,3,Miss,female,38.1,0,0,39.7352,,S
185,0,2,Mr,male,23.0,0,0,37.3331,,S
186,0,3,Mr,male,13.2,0,0,27.7673,,S
187,1,3,Miss,female,,0,2,22.8128,,C
188,0,3,Mr,male,,0,0,10.0904,,C
189,1,3,Miss,female,21.0,0,1,5.3625,,S
190,1,1,Miss,female,33.0,0,6,8.1983,,S
191,0,1,Master,male,55.8,0,0,56.5086,,S
192,0,3,Mr,male,35.3,1,0,22.114,,S
193,1,3,Mrs,female,,0,0,6.9887,,C
194,0,3,Miss,female,,0,2,12.176,,S
195,0,2,Mr,male,37.9,0,2,10.5135,,C
196,0,2,Mr,male,31.2,0,0,23.3323,,S
197,0,3,Col,male,,2,1,9.0038,,S
198,0,3,Miss,female,41.2,0,0,0.3868,A78,S
199,0,3,Mr,male,43.8,4,2,3.3796,,Q
200,0,3,Mrs,female,41.3,0,2,17.7944,,S
201,1,3,Mrs,female,30.2,1,0,1.0376,,S
202,0,1,Mr,male,15.8,0,0,72.3811,F35,S
203,0,1,Rev,male,0.4,1,0,107.8761,,Q
204,0,3,Mr,male,32.0,0,0,3.0628,,S
205,0,3,Rev,male,45.4,0,1,22.2522,,S
206,0,1,Master,male,44.1,0,0,177.7012,,S
207,0,1,Mr,male,41.5,0,0,22.8313,E61,C
208,0,3,Miss,female,28.6,2,0,6.7161,,C
209,1,1,Mr,male,45.5,0,2,78.2968,,S
210,0,1,Mr,male,43.1,0,0,195.8585,,S
211,1,3,Mrs,female,,1,0,8.1728,F50,S
212,1,3,Miss,female,39.5,0,0,19.2042,,S
213,0,3,Mrs,female,21.9,3,3,11.9555,,S
214,1,1,Miss,female,37.5,1,1,41.1582,G34,S
215,1,3,Master,male,10.9,0,0,1.8563,F59,S
216,0,1,Mr,male,,1,0,35.4812,F18,S
217,1,2,Mrs,female,45.0,0,0,8.7307,E95,C
218,1,3,Miss,female,,0,0,35.8122,G59,S
219,0,3,Mr,male,38.9,0,0,20.7907,,S
220,1,3,Mrs,female,31.0,0,2,8.077,B16,S
221,0,3,Mr,male,0.4,1,0,12.406,A10,S
222,0,3,Mr,male,28.6,2,1,6.3564,,S
223,0,1,Mr,male,36.3,0,0,159.83,,C
224,0,2,Mr,male,21.9,0,0,9.7552,C22,S
225,0,2,Mr,male,19.4,3,0,8.7581,,S
226,0,2,Mr,male,50.6,0,0,17.4741,F12,S
227,1,3,Miss,female,28.8,0,0,3.0053,,S
228,0,2,Mr,male,36.3,0,0,14.4505,,S
229,0,3,Mr,male,40.9,1,0,6.6023,,S
230,1,3,Mrs,female,15.2,0,0,15.9793,,S
231,0,3,Miss,female,32.5,1,0,27.1787,,S
232,1,3,Mrs,female,48.8,1,5,11.1497,,S
233,1,3,Miss,female,56.1,0,0,12.4804,,S
234,1,3,Miss,female,30.3,0,1,18.1248,,S
235,0,1,Mr,male,26.2,1,0,13.6597,,S
236,0,3,Mr,male,33.6,0,1,7.4627,,C
237,0,2,Mr,male,33.2,1,0,28.8931,B61,S
238,1,1,Mr,male,49.8,2,1,150.8152,,C
239,1,3,Mr,male,,0,0,18.1442,,S
240,1,1,Mrs,female,25.6,1,0,182.1832,,C
241,1,3,Mr,male,,1,0,6.0379,,S
242,0,3,Mr,male,15.0,1,0,23.481,,S
243,0,3,Mr,male,35.2,0,0,11.0849,,S
244,1,2,Mrs,female,41.4,0,0,2.4923,E64,S
245,1,1,Mr,male,20.3,0,0,94.0561,C79,Q
246,0,3,Miss,female,40.9,0,1,9.3152,E51,S
247,0,2,Mr,male,45.8,0,0,60.5888,,Q
248,0,3,Mr,male,57.8,1,0,13.5593,,S
249,0,3,Mr,male,,0,0,8.0181,,S
250,1,3,Miss,female,,0,0,12.2405,,S
251,0,2,Mr,male,15.2,0,0,11.598,C79,S
252,0,2,Miss,female,13.7,1,0,6.1649,,Q
253,0,3,Mr,male,47.8,0,2,11.4616,,S
254,0,2,Mr,male,7.7,0,1,8.5763,,S
255,1,1,Mrs,female,47.4,0,1,126.3928,D111,Q
256,1,3,Miss,female,17.1,1,0,40.4893,A72,S
257,1,3,Miss,female,19.8,0,1,8.3494,,S
258,1,3,Mrs,female,27.5,0,0,30.5364,B58,S
259,0,3,Miss,female,19.5,4,0,2.5555,,S
260,1,1,Mrs,female,43.2,1,0,135.2588,G106,S
261,1,3,Mrs,female,56.0,3,0,13.4987,A82,S
262,1,3,Miss,female,20.2,0,0,16.4299,B4,S
263,1,1,Miss,female,23.4,0,0,153.9227,,S
264,0,3,Mr,male,27.3,1,0,14.4635,,S
265,1,3,Mrs,female,37.5,0,0,2.8137,,Q
266,0,3,Mr,male,27.5,1,0,18.6047,,S
267,1,3,Miss,female,49.8,0,0,16.2545,B79,S
268,1,3,Miss,female,46.3,0,0,8.762,,S
269,0,2,Mr,male,,0,0,15.06,,S
270,1,2,Mrs,female,,0,1,29.6363,,S
271,0,3,Rev,male,51.7,0,0,13.1013,,C
272,1,3,Mr,male,22.5,0,0,8.1183,,C
273,0,3,Mrs,female,,4,0,12.2551,,S
274,0,3,Mr,male,22.0,0,0,4.4228,,S
275,1,3,Miss,female,22.3,0,1,5.8258,,S
276,1,3,Mrs,female,5.5,1,0,11.115,E113,S
277,0,3,Mr,male,10.4,0,0,10.667,,S
278,0,3,Mr,male,30.8,0,1,13.0046,C8,C
279,0,3,Mr,male,51.6,1,0,10.9627,,S
280,0,3,Mr,male,,0,0,3.5409,,Q
281,0,3,Miss,female,,1,0,30.2411,,S
282,0,2,Mr,male,54.4,1,0,36.7033,,S
283,0,2,Mr,male,,4,0,22.3411,,S
284,1,1,Rev,male,5.6,0,0,47.5651,,S
285,0,3,Mr,male,17.7,0,5,22.0614,,S
286,1,1,Miss,female,20.1,0,0,125.2598,,S
287,0,3,Mr,male,,0,0,27.6932,,S
288,1,3,Miss,female,27.8,1,0,17.3488,,S
289,0,2,Mr,male,43.5,0,2,13.2978,E49,S
290,1,3,Miss,female,11.1,0,1,16.8971,C14,C
291,0,1,Mr,male,,1,0,8.8571,,S
292,1,1,Mr,male,35.4,0,0,50.6871,,C
293,0,3,Miss,female,28.5,0,0,35.3099,D29,S
294,1,2,Mr,male,32.4,0,0,5.5224,,S
295,1,1,Mrs,female,32.6,1,0,12.7003,D116,S
296,1,3,Mrs,female,,0,0,8.9846,,S
297,1,3,Mr,male,,1,0,9.143,C44,S
298,1,1,Rev,male,47.8,0,2,129.052,,S
299,1,3,Miss,female,47.0,1,0,13.7469,A2,S
300,0,1,Mr,male,44.4,1,2,69.4675,,S
301,0,1,Mr,male,6.9,0,0,14.419,,S
302,0,3,Mr,male,,0,0,11.476,,S
303,0,3,Col,male,39.2,0,0,6.1081,,S
304,0,3,Mr,male,7.4,1,0,19.0817,E22,S
305,1,3,Mrs,female,26.6,0,0,11.7433,,C
306,0,3,Miss,female,33.7,0,0,0.6422,F58,S
307,0,3,Miss,female,53.8,0,0,26.9132,,S
308,1,2,Miss,female,40.2,0,0,6.4274,F1,S
309,0,3,Mr,male,17.2,0,1,12.5185,,S
310,0,2,Miss,female,54.3,0,0,15.3057,F61,S
311,0,2,Mr,male,30.3,0,0,24.93,D100,S
312,0,1,Mr,male,26.0,1,0,43.2363,,S
313,0,1,Master,male,,0,2,37.1928,A100,S
314,0,3,Master,male,6.2,0,0,9.6359,A31,S
315,1,3,Miss,female,28.1,3,0,29.1604,,C
316,1,3,Miss,female,36.9,1,0,3.8269,,S
317,0,2,Mr,male,24.1,2,0,17.6271,,S
318,0,1,Mr,male,35.8,0,3,86.7979,G53,S
319,0,1,Miss,female,,0,0,78.0074,,S
320,0,2,Mr,male,27.7,0,0,10.9384,,S
321,0,3,Rev,male,34.3,1,0,8.3876,,S
322,0,3,Col,male,32.5,0,0,10.0262,,S
323,0,3,Mrs,female,6.4,0,2,11.1776,B22,Q
324,1,2,Miss,female,23.3,0,0,1.8873,G23,Q
325,0,3,Mr,male,,0,0,16.9657,,S
326,0,3,Mr,male,,0,0,15.03,,Q
327,1,3,Miss,female,29.9,0,0,20.6944,,S
328,0,3,Mrs,female,28.4,0,1,1.7397,,S
329,0,2,Mr,male,52.4,0,0,21.032,,S
330,1,2,Miss,female,,4,0,15.4968,,S
331,0,2,Mr,male,41.4,1,2,19.2047,,S
332,0,3,Mr,male,15.6,2,0,9.5838,,Q
333,1,1,Miss,female,34.9,1,0,93.1381,,S
334,0,1,Mr,male,,0,0,41.2664,,S
335,0,1,Mr,male,,0,4,74.1687,E72,C
336,0,1,Mr,male,17.1,0,0,13.7356,,S
337,0,3,Mr,male,54.4,0,0,8.4356,,S
338,0,3,Miss,female,25.3,0,0,8.8006,G70,S
339,0,3,Mr,male,,0,0,0.6207,,S
340,1,1,Miss,female,44.2,0,0,75.7985,,S
341,1,3,Mr,male,35.6,0,0,14.6049,,S
342,0,3,Mr,male,36.3,0,0,8.3694,,S
343,1,1,Mr,male,9.4,0,0,116.6537,A58,Q
344,1,2,Miss,female,32.7,1,0,40.8645,,C
345,0,2,Mr,male,,0,1,58.5118,,S
346,1,3,Miss,female,39.6,0,2,3.5585,,S
347,0,3,Mr,male,31.9,0,0,16.6644,,S
348,1,1,Mrs,female,54.5,0,0,76.5844,D41,Q
349,0,2,Mr,male,27.0,0,0,16.484,D84,S
350,1,3,Mrs,female,20.7,0,0,3.5625,,S
351,1,3,Miss,female,,0,1,11.1677,,C
352,1,3,Mrs,female,40.8,0,0,0.809,,Q
353,0,3,Miss,female,,2,0,9.6497,,S
354,0,1,Mrs,female,,2,1,13.1462,,S
355,0,1,Mr,male,41.5,0,0,45.8155,,S
356,0,3,Mr,male,25.8,0,0,22.2422,,S
357,0,1,Mr,male,45.8,1,0,39.4295,G41,S
358,0,3,Miss,female,39.0,0,0,1.4958,,S
359,0,3,Mr,male,60.8,0,0,13.8287,,S
360,1,3,Miss,female,18.8,0,1,6.0932,,S
361,0,2,Master,male,41.7,2,1,59.2511,B24,S
362,0,3,Mr,male,14.9,0,0,2.4343,G27,S
363,0,3,Mr,male,6.3,0,2,59.1905,,S
364,0,3,Miss,female,0.4,1,0,7.0403,,C
365,0,3,Mr,male,37.5,0,1,6.7758,D107,S
366,0,2,Col,male,32.4,0,0,4.4236,,S
367,0,3,Master,male,22.8,4,2,14.927,,S
368,0,3,Mr,male,,0,2,0.9446,C85,S
369,0,1,Col,male,19.7,0,0,86.0567,G3,S
370,0,1,Mr,male,,0,2,127.1009,,C
371,1,1,Mrs,female,41.2,0,1,21.1781,,S
372,1,1,Master,male,29.5,0,1,197.7123,,S
373,0,1,Mr,male,33.4,0,0,33.174,,S
374,0,3,Mr,male,24.2,0,1,8.7309,C46,S
375,0,1,Mr,male,55.1,1,1,12.4097,,Q
376,0,2,Mr,male,14.9,0,0,15.0271,E52,S
377,0,3,Mr,male,19.6,0,2,15.779,,S
378,1,1,Mr,male,22.6,0,0,21.6181,,S
379,0,3,Mr,male,,1,0,12.9537,,S
380,1,2,Miss,female,,0,0,22.7791,,C
381,1,1,Miss,female,31.7,0,0,115.0846,,C
382,0,3,Miss,female,32.1,0,0,10.8124,,C
383,0,3,Mr,male,19.6,0,0,25.4938,,S
384,1,3,Col,male,34.5,0,2,3.3776,,S
385,0,3,Mr,male,,1,0,14.5545,,S
386,0,3,Mr,male,,0,0,5.8006,,S
387,1,2,Mrs,female,31.1,0,0,20.9202,,S
388,0,1,Mr,male,,0,0,73.0553,,S
389,0,3,Mr,male,0.4,1,2,5.5792,,C
390,0,3,Mr,male,37.4,0,0,10.1946,,S
391,1,3,Miss,female,44.9,0,1,5.4592,,S
392,1,2,Mr,male,,0,0,55.0907,,C
393,0,2,Dr,male,,0,0,26.4934,,S
394,0,3,Mr,male,,0,0,36.9995,C82,S
395,0,2,Master,male,13.1,0,0,7.4293,,S
396,0,3,Rev,male,9.9,0,0,1.8395,,S
397,0,3,Mr,male,40.0,0,0,14.1676,,S
398,0,2,Mr,male,29.8,0,0,21.7472,A118,S
399,0,3,Mr,male,45.1,0,1,18.3507,,S
400,0,3,Master,male,,0,0,18.4308,,S
401,0,1,Mr,male,9.4,1,0,216.9827,,Q
402,0,3,Mr,male,29.9,4,0,18.3043,,S
403,0,3,Mrs,female,35.8,4,0,4.1588,C48,S
404,0,3,Mrs,female,42.0,1,1,2.7687,C20,S
405,1,2,Rev,male,32.2,0,0,56.0121,,S
406,0,3,Mr,male,32.1,1,0,10.8838,G37,S
407,0,2,Master,male,24.1,0,2,41.2415,,S
408,1,1,Mr,male,52.8,0,0,227.53,,S
409,1,3,Mrs,female,13.7,0,0,17.8887,,S
410,1,1,Col,male,34.9,0,0,31.6875,,C
411,1,2,Mrs,female,15.4,1,0,0.8325,,S
412,0,3,Rev,male,37.5,0,1,23.8774,,S
413,0,3,Mr,male,,0,1,3.5073,,S
414,1,3,Mrs,female,40.5,2,2,3.0579,D67,C
415,1,3,Miss,female,31.3,0,0,9.8914,D81,S
416,0,2,Dr,female,55.0,0,0,15.1864,,S
417,1,2,Miss,female,25.6,1,0,20.2844,,Q
418,0,2,Mr,male,,0,0,22.0801,C24,S
419,0,3,Mrs,female,18.4,0,0,5.1772,D3,S
420,0,3,Mr,male,,0,0,3.1142,,S
421,1,3,Miss,female,31.2,0,0,26.0423,,C
422,0,3,Mr,male,7.6,1,0,19.8186,,S
423,1,1,Mrs,female,9.1,0,1,21.3343,,C
424,1,3,Rev,male,38.4,0,1,2.151,B79,S
425,0,1,Mr,male,27.6,0,0,48.5306,,S
426,0,3,Master,male,21.1,0,0,3.0007,B50,S
427,1,2,Miss,female,19.0,3,0,11.552,,C
428,1,3,Mr,male,19.6,0,1,18.9284,B74,S
429,0,2,Col,male,31.3,0,0,14.3429,,S
430,1,1,Mr,male,36.2,0,0,148.5118,,S
431,0,1,Master,male,,1,0,51.407,,C
432,0,3,Miss,female,50.2,2,0,23.0219,,S
433,0,3,Mr,male,49.2,0,0,7.3086,,S
434,1,1,Miss,female,0.4,0,1,3.1389,,S
435,1,1,Mr,male,,0,0,88.5375,,Q
436,0,3,Mr,male,45.0,1,0,1.3105,,C
437,1,1,Mrs,female,29.7,0,0,39.4834,,S
438,1,3,Mrs,female,,1,0,10.5576,,S
439,0,3,Mr,male,44.4,0,1,12.3156,,S
440,0,1,Mr,male,26.2,1,0,98.8494,B28,Q
441,1,1,Mrs,female,37.7,0,1,13.2189,,S
442,0,3,Mr,male,61.9,0,0,4.4609,F44,S
443,1,2,Mrs,female,33.4,0,0,12.4303,,S
444,1,2,Mrs,female,,0,0,24.5482,,Q
445,1,3,Miss,female,24.8,1,0,12.9014,,S
446,0,3,Mr,male,18.3,1,0,4.3562,,S
447,1,3,Miss,female,36.0,0,0,22.646,,C
448,0,3,Mr,male,18.0,0,0,2.259,,S
449,0,2,Master,male,22.8,0,0,20.8266,,S
450,0,1,Mr,male,11.1,1,1,31.8065,,Q
451,0,3,Mr,male,,0,2,19.3409,,Q
452,0,3,Miss,female,32.3,0,0,6.399,,C
453,1,2,Miss,female,0.4,0,2,91.7392,,S
454,1,3,Miss,female,33.5,0,0,263.0,,S
455,1,1,Mr,male,29.0,0,0,172.7237,,Q
456,0,3,Mr,male,,0,1,35.6688,,S
457,0,1,Mr,male,59.1,0,0,52.7865,,C
458,1,3,Dr,female,43.6,4,0,9.7028,,Q
459,1,1,Mr,male,13.8,0,0,161.3404,,S
460,1,1,Miss,female,41.9,0,1,70.1642,,C
461,0,1,Mr,male,47.7,0,1,25.7756,,C
462,1,3,Col,male,,1,0,1.9661,,S
463,0,3,Miss,female,34.9,0,0,12.6278,,S
464,0,3,Mr,male,,0,0,6.58,,S
465,1,3,Miss,female,0.4,0,0,18.8035,,S
466,0,2,Mrs,female,27.0,0,0,11.0947,,S
467,0,2,Mr,male,,0,1,52.2517,E67,S
468,0,3,Master,male,50.4,1,0,4.7747,,C
469,0,1,Mr,male,34.5,1,0,19.6157,,Q
470,0,3,Miss,female,25.4,0,0,9.5898,,S
471,1,1,Mr,male,28.4,0,0,108.2408,,S
472,0,3,Mr,male,44.5,1,2,19.9622,G77,S
473,1,1,Col,male,27.0,0,0,70.261,,Q
474,1,3,Mrs,female,19.6,1,0,35.9984,G116,S
475,0,3,Mr,male,,0,0,10.4669,,S
476,1,3,Miss,female,43.3,2,0,8.3753,,Q
477,1,1,Miss,female,36.9,1,0,87.2717,,S
478,0,3,Dr,male,30.3,2,0,3.741,,C
479,0,3,Mr,male,32.5,0,0,22.8951,,Q
480,1,3,Mrs,female,,0,0,25.8066,,Q
481,0,3,Master,male,,2,0,12.253,,S
482,1,3,Mrs,female,20.1,0,0,4.4789,C15,S
483,0,3,Mr,male,25.4,0,2,12.9247,,C
484,0,3,Rev,male,,1,0,34.8158,,S
485,1,3,Miss,female,14.1,1,0,16.394,,
486,0,3,Mr,male,19.7,2,0,19.4351,,S
487,0,1,Mr,male,11.5,0,0,134.4725,,S
488,0,2,Master,male,8.4,1,0,5.5141,,S
489,0,3,Rev,male,,1,0,9.0647,,S
490,0,3,Mr,male,20.7,0,0,18.0388,,S
491,0,3,Mr,male,55.2,0,0,2.6275,,S
492,0,3,Miss,female,25.6,0,0,24.7696,,S
493,1,2,Mr,male,48.4,0,1,4.2925,E98,S
494,1,1,Mrs,female,43.7,4,0,43.1281,,S
495,0,3,Mr,male,26.7,0,0,24.126,,S
496,1,2,Mrs,female,,1,0,14.8206,,S
497,0,3,Rev,male,33.6,4,0,12.6615,C94,S
498,1,1,Miss,female,51.6,0,0,239.1392,,S
499,0,3,Mr,male,,1,1,21.4052,,S
500,0,3,Mr,male,35.7,0,0,10.2541,,S
501,0,3,Mr,male,,1,1,22.2615,,S
502,0,3,Mr,male,38.7,0,0,10.4494,B29,S
503,0,2,Mr,male,13.1,3,0,13.6146,,S
504,0,3,Master,male,30.5,0,0,11.0199,,Q
505,0,3,Dr,female,45.3,0,2,8.1161,,S
506,0,1,Mr,male,51.8,1,0,37.6989,,Q
507,0,3,Mr,male,19.3,0,0,7.4482,C112,S
508,0,3,Mr,male,37.4,0,0,6.78,,S
509,1,3,Miss,female,31.9,0,0,4.539,,S
510,0,3,Mr,male,,1,0,17.4279,,S
511,0,3,Mr,male,34.9,0,2,19.1169,,S
512,0,2,Mr,male,,0,2,13.7589,,S
513,1,3,Miss,female,37.6,0,0,40.8395,F51,S
514,1,3,Miss,female,50.6,0,2,27.0982,C33,S
515,0,1,Mr,male,,0,0,105.6115,,C
516,1,1,Mrs,female,34.2,0,0,128.1391,,S
517,1,2,Miss,female,56.7,0,0,4.7965,,C
518,0,3,Rev,male,45.8,0,0,25.3759,,S
519,0,3,Mrs,female,,0,4,6.3166,,S
520,0,1,Mr,male,12.1,1,0,216.4462,,S
521,0,3,Mr,male,15.4,0,0,57.9431,,S
522,0,2,Mr,male,43.2,0,0,70.4244,,S
523,1,3,Mr,male,20.6,0,0,17.6024,,S
524,0,3,Mr,male,15.1,0,0,19.5353,,S
525,1,3,Miss,female,,1,6,20.3595,G36,C
526,0,3,Mr,male,19.7,0,1,8.6439,,S
527,0,2,Mr,male,42.0,0,1,25.3745,,Q
528,0,2,Rev,male,27.4,0,0,8.3141,,Q
529,1,1,Mrs,female,9.8,1,0,213.1118,,C
530,0,3,Mr,male,30.2,0,0,19.2478,,S
531,0,3,Mr,male,32.9,0,0,26.8552,,S
532,0,3,Mr,male,22.7,0,0,11.893,B54,S
533,1,3,Mr,male,46.5,4,0,7.6895,,S
534,1,3,Mrs,female,23.6,0,0,3.3549,,S
535,1,3,Mrs,female,45.8,0,0,6.5256,,S
536,0,3,Mr,male,38.4,1,0,10.2446,B23,S
537,1,3,Miss,female,43.1,1,0,19.6702,G43,S
538,0,2,Mr,male,13.8,0,0,23.0958,G55,C
539,0,3,Mrs,female,31.1,1,2,13.7072,,S
540,1,1,Mr,male,28.9,1,0,115.6854,D66,S
541,0,3,Mr,male,9.1,0,1,10.3536,,C
542,0,3,Mr,male,45.7,0,0,18.8426,,S
543,1,1,Mrs,female,,0,0,83.2525,C115,S
544,1,3,Mr,male,,4,0,13.0655,E29,C
545,0,3,Col,male,15.0,1,1,6.0848,,S
546,0,2,Dr,male,39.9,0,1,13.0159,,S
547,1,1,Mrs,female,7.6,1,0,9.6713,,S
548,0,3,Master,male,38.7,0,0,5.3202,,S
549,1,3,Mrs,female,44.8,0,0,23.6099,,S
550,1,3,Miss,female,,0,0,5.909,A36,S
551,0,3,Mr,male,40.0,0,2,15.1539,,S
552,0,3,Mrs,female,,1,0,5.4413,F119,S
553,0,3,Mr,male,,0,0,21.1131,G37,C
554,1,3,Mrs,female,50.5,1,0,15.9886,,S
555,0,3,Mr,male,23.0,0,0,3.6123,D100,C
556,1,2,Miss,female,,0,0,33.2529,,
557,1,1,Miss,female,24.9,4,0,164.3491,,C
558,1,1,Miss,female,36.8,0,0,34.2375,,S
559,0,3,Miss,female,21.9,0,0,9.3093,,S
560,0,3,Mr,male,30.7,0,0,4.6347,E31,S
561,0,3,Mr,male,11.8,1,1,20.474,B34,C
562,1,1,Mrs,female,,0,0,71.6825,,S
563,1,1,Mr,male,39.4,0,0,71.3119,,S
564,1,1,Mr,male,,0,0,62.4928,,S
565,1,2,Mrs,female,,0,0,41.6843,E62,C
566,1,3,Mrs,female,39.0,1,0,44.1513,,S
567,1,2,Mrs,female,19.4,0,0,40.7993,,S
568,0,2,Dr,male,31.5,0,0,31.5236,,S
569,1,3,Mrs,female,46.5,0,3,7.6042,,S
570,1,2,Mr,male,17.9,0,0,10.2415,,Q
571,1,3,Miss,female,,2,0,6.1661,D49,C
572,0,3,Mr,male,,0,0,8.6199,,S
573,1,2,Mrs,female,,5,0,11.9946,C44,S
574,1,3,Mrs,female,,0,0,18.0521,,C
575,0,3,Mr,male,47.3,0,1,2.6808,,S
576,1,3,Mrs,female,21.0,1,0,8.3921,,Q
577,0,1,Mr,male,,0,0,8.7261,,S
578,1,3,Miss,female,39.0,1,0,21.2035,,S
579,1,3,Miss,female,12.3,4,0,8.4812,,S
580,0,2,Mr,male,39.7,0,0,51.6024,,S
581,1,3,Miss,female,,0,0,18.9039,,Q
582,1,3,Mrs,female,,1,0,1.4565,G118,S
583,0,3,Master,male,,0,0,3.1773,,C
584,0,2,Mr,male,,0,0,12.4615,,S
585,1,3,Miss,female,43.7,0,2,44.7895,,C
586,1,1,Miss,female,34.5,0,0,30.488,,S
587,1,1,Mrs,female,53.4,1,1,81.2538,,C
588,1,1,Mrs,female,55.1,0,1,144.2829,,S
589,0,1,Mr,male,55.3,0,0,168.6127,,C
590,1,1,Mrs,female,22.6,0,0,62.548,,S
591,1,1,Mr,male,,0,0,27.4561,,S
592,0,3,Mr,male,21.7,0,0,11.2565,,C
593,1,1,Mr,male,39.9,1,0,138.081,E25,S
594,0,2,Mr,male,,0,1,27.7759,,S
595,0,3,Master,male,,1,2,1.7582,,S
596,0,3,Mr,male,37.8,1,0,2.3555,B74,S
597,1,3,Miss,female,8.4,0,0,23.0228,,S
598,1,1,Rev,male,31.7,0,0,21.442,,S
599,1,1,Rev,male,45.9,0,1,18.9155,,S
600,1,1,Master,male,37.7,0,0,75.0279,,S
601,1,1,Mr,male,,1,0,137.4438,D116,S
602,0,2,Mr,male,52.9,1,0,48.0479,,C
603,0,1,Mr,male,,0,0,22.7423,,S
604,0,1,Mr,male,,0,2,265.0184,,S
605,1,1,Miss,female,46.9,2,0,9.8242,B5,S
606,0,3,Col,male,46.7,3,0,7.5046,,S
607,1,1,Mr,male,37.8,0,2,105.2001,,S
608,0,2,Mr,male,27.4,0,0,6.4158,G6,S
609,1,3,Mrs,female,29.7,0,0,8.8742,,S
610,0,3,Mr,male,11.2,3,0,7.7804,,S
611,0,1,Mr,male,,0,0,12.3849,,S
612,0,3,Mr,male,,0,0,10.8188,,C
613,0,3,Master,male,10.7,0,0,6.123,,S
614,0,1,Mr,male,42.3,0,0,32.5137,,S
615,0,3,Dr,male,35.6,0,0,7.8254,,S
616,0,3,Mr,male,14.9,8,1,26.9194,,S
617,0,1,Master,male,12.2,0,1,141.3832,,C
618,0,2,Mr,male,,0,0,1.0088,,Q
619,1,3,Miss,female,23.9,0,0,19.9169,,S
620,1,3,Miss,female,56.1,0,0,4.0998,E9,S
621,1,1,Mrs,female,43.5,0,0,216.5584,,S
622,1,1,Mrs,female,36.6,0,1,26.7467,G37,C
623,0,2,Dr,male,37.3,0,0,27.5844,,Q
624,0,3,Mr,male,49.0,0,0,7.8955,,S
625,0,3,Mr,male,42.0,0,0,15.2356,,S
626,0,2,Mr,male,36.9,0,0,12.3655,A72,S
627,0,3,Miss,female,15.5,4,0,3.6414,E96,S
628,0,3,Master,male,74.1,2,0,5.4746,,S
629,1,1,Mrs,female,13.7,0,3,10.7,D21,S
630,0,2,Mr,male,,0,1,36.2961,,S
631,1,3,Dr,female,5.7,1,0,19.5008,,S
632,0,3,Mr,male,37.5,0,0,13.921,B19,S
633,0,3,Master,male,31.9,1,2,14.7141,B93,S
634,1,3,Mr,male,40.8,3,0,4.71,F58,S
635,0,1,Mr,male,4.5,0,0,78.653,,S
636,0,2,Mr,male,45.8,0,0,10.0114,,C
637,0,3,Mr,male,18.0,3,1,40.4658,,C
638,1,2,Mrs,female,27.5,0,0,22.4491,,S
639,0,2,Mr,male,,0,0,8.8161,C43,S
640,0,2,Mr,male,33.5,0,1,12.5617,,S
641,1,1,Mr,male,,0,2,65.9848,,S
642,1,2,Miss,female,41.3,1,2,11.8223,,S
643,0,1,Mr,male,35.9,1,0,27.4559,,C
644,1,2,Mr,male,24.8,8,0,23.4649,,S
645,0,1,Dr,male,27.3,0,0,124.0123,,Q
646,1,3,Mr,male,32.8,0,0,21.3467,D15,Q
647,1,3,Miss,female,,0,0,18.3415,,C
648,0,3,Col,male,44.1,0,0,4.5518,E85,S
649,0,3,Rev,male,33.9,0,1,18.3943,,S
650,0,3,Mrs,female,,4,0,18.3385,,S
651,1,1,Mr,male,,1,0,97.6179,,S
652,0,3,Mr,male,28.0,0,0,22.5356,E71,S
653,1,3,Mr,male,27.1,0,0,6.1339,,S
654,1,3,Miss,female,22.7,0,0,8.5854,,S
655,0,2,Mr,male,34.7,0,0,31.8392,,Q
656,1,1,Mrs,female,34.2,1,0,65.0207,,S
657,0,2,Mr,male,20.0,0,0,10.2356,C30,S
658,0,2,Mr,male,27.1,5,0,21.3125,B35,C
659,0,3,Mr,male,20.1,0,0,27.1889,,S
660,1,3,Miss,female,19.5,0,1,6.3196,,S
661,0,2,Mr,male,4.6,1,0,62.3238,G50,Q
662,0,3,Mrs,female,26.4,0,0,5.7709,,C
663,1,3,Mrs,female,5.0,0,1,10.109,,S
664,0,1,Mr,male,,0,0,192.0548,,C
665,0,1,Mr,male,20.8,0,2,69.8388,,S
666,0,1,Mr,male,45.0,1,1,137.5976,,C
667,0,2,Mr,male,15.0,0,0,4.3415,E28,C
668,1,1,Mrs,female,18.7,1,2,47.4485,,S
669,1,1,Mrs,female,24.2,0,0,77.9397,,S
670,1,2,Mr,male,,0,0,3.7273,G90,S
671,0,1,Mr,male,49.6,1,0,20.9804,,S
672,1,3,Miss,female,13.2,0,0,18.9768,,C
673,0,1,Mr,male,24.2,0,2,55.9924,,S
674,1,3,Miss,female,34.5,0,0,7.5905,,C
675,0,2,Rev,male,42.5,0,0,12.0738,F35,C
676,1,3,Mrs,female,24.2,0,0,35.9703,,Q
677,0,1,Mr,male,1.9,0,0,137.3979,,C
678,0,2,Rev,male,27.5,0,0,26.9492,,S
679,1,3,Master,male,49.3,0,0,10.4109,,S
680,0,3,Mr,male,33.8,4,1,2.3546,D63,S
681,0,3,Mr,male,,0,0,11.2827,,S
682,1,2,Mrs,female,14.3,1,1,13.0388,,S
683,1,1,Miss,female,12.8,0,0,11.8316,,S
684,0,3,Mr,male,30.0,0,1,37.7765,,S
685,0,3,Mr,male,9.0,1,0,21.4447,,Q
686,0,3,Mr,male,41.0,0,0,16.4821,,C
687,0,3,Mr,male,,1,0,1.7274,,S
688,0,2,Mr,male,29.3,0,1,38.2935,,S
689,0,3,Master,male,2.4,0,0,8.4516,G72,S
690,1,1,Mr,male,24.0,0,2,47.9823,,S
691,1,2,Mr,male,,0,0,23.0518,,C
692,0,2,Mr,male,0.4,1,0,19.1686,C69,S
693,0,3,Mr,male,37.6,0,0,3.0206,,S
694,1,1,Miss,female,,4,2,57.0993,D64,S
695,0,1,Rev,male,46.1,3,0,19.6851,B4,S
696,0,3,Miss,female,,0,1,3.4732,,S
697,0,2,Mr,male,23.7,0,1,23.7543,,S
698,0,3,Mr,male,41.4,1,0,11.3805,,S
699,1,1,Mrs,female,47.4,4,0,194.4327,,C
700,0,3,Miss,female,31.7,0,0,4.7988,,C
701,0,3,Mrs,female,12.5,0,0,34.4712,,S
702,0,1,Mr,male,,0,1,39.7287,,C
703,0,2,Mr,male,,1,0,11.1233,,S
704,0,1,Mrs,female,28.6,0,0,32.3972,,Q
705,0,1,Mr,male,0.4,1,1,87.4981,A16,S
706,0,3,Col,male,8.4,0,0,19.2328,,S
707,0,2,Mr,male,23.5,0,0,9.4145,,S
708,0,3,Mr,male,44.7,0,0,30.1381,,S
709,1,2,Mrs,female,25.7,0,0,6.792,A107,S
710,0,3,Mr,male,45.0,0,0,11.8004,E34,S
711,0,3,Mr,male,22.1,0,1,16.7872,,S
712,0,3,Mr,male,1.2,0,0,22.2352,D13,S
713,0,3,Master,male,,0,0,28.0769,,Q
714,0,2,Mr,male,34.7,0,0,14.2914,G27,C
715,0,2,Mr,male,,4,0,25.6098,,C
716,0,3,Mr,male,11.5,0,0,17.2382,,C
717,0,3,Miss,female,24.6,0,2,5.3643,,Q
718,0,3,Dr,male,68.6,0,0,9.5962,,S
719,1,1,Mr,male,11.8,4,0,28.1333,C31,S
720,0,3,Mrs,female,39.3,0,0,7.5936,,C
721,1,3,Miss,female,0.4,1,0,10.1269,C30,C
722,1,1,Mr,male,,1,0,102.1468,,S
723,0,1,Mr,male,,0,0,46.337,,S
724,0,3,Mr,male,,0,0,22.1056,,S
725,0,3,Mrs,female,11.0,0,0,2.9814,,Q
726,1,3,Mrs,female,33.9,0,0,7.9414,A32,S
727,1,1,Miss,female,16.5,0,0,42.4999,,Q
728,0,3,Master,male,19.3,1,2,21.3729,,C
729,1,1,Miss,female,36.1,0,0,53.8295,,S
730,1,1,Mr,male,,1,0,45.5111,,S
731,0,1,Mr,male,35.2,0,0,21.9072,A32,S
732,0,3,Mr,male,26.9,1,0,17.7632,,S
733,1,3,Miss,female,30.7,0,0,2.0642,B86,S
734,1,3,Mr,male,36.2,0,0,18.2438,,C
735,1,2,Mrs,female,,0,0,15.4254,,S
736,0,3,Mr,male,,3,0,7.109,B64,S
737,0,2,Mr,male,22.0,0,0,12.734,,S
738,0,3,Mr,male,47.0,0,0,8.7518,,Q
739,0,2,Rev,male,31.4,0,0,13.0349,,S
740,1,2,Mrs,female,17.4,0,0,1.7335,,C
741,0,3,Mr,male,35.5,0,0,22.6136,D96,S
742,1,2,Miss,female,36.5,0,0,6.0778,,S
743,0,3,Miss,female,37.2,0,0,4.4875,B87,S
744,1,3,Mrs,female,15.5,0,0,9.0694,,S
745,0,1,Mr,male,19.8,0,1,119.5259,,S
746,1,3,Master,male,19.9,0,0,13.6311,,S
747,0,2,Mr,male,,1,0,7.0574,,S
748,0,3,Mrs,female,37.5,0,0,28.8885,G36,S
749,0,3,Mrs,female,34.0,0,2,9.5021,,S
750,0,3,Master,male,35.1,0,0,36.2232,,C
751,1,1,Mrs,female,49.3,4,0,96.2584,G58,S
752,0,3,Mr,male,,3,0,16.1027,D39,S
753,0,3,Mr,male,27.6,1,0,5.8009,,Q
754,1,2,Mr,male,12.5,0,0,2.8575,F77,C
755,1,1,Miss,female,19.3,0,0,31.0305,,Q
756,0,3,Mr,male,25.9,0,2,20.0028,,S
757,0,3,Mrs,female,41.7,0,2,13.0217,,C
758,0,3,Miss,female,29.3,0,0,3.4661,,S
759,0,3,Miss,female,20.2,1,0,35.573,,S
760,0,3,Master,male,19.1,1,2,11.8411,,C
761,1,1,Mr,male,28.7,1,0,82.0809,,S
762,0,2,Master,male,42.6,0,0,25.9599,,S
763,0,2,Mr,male,52.8,1,0,9.5027,F16,S
764,0,3,Mr,male,26.7,0,0,27.249,G18,C
765,1,1,Miss,female,29.1,0,0,14.562,,S
766,0,3,Mr,male,12.1,1,0,17.444,,S
767,0,3,Col,male,57.8,0,0,51.764,,S
768,0,3,Master,male,9.4,0,0,1.6066,,S
769,0,2,Mr,male,46.7,0,0,4.409,,Q
770,0,3,Mr,male,24.4,1,0,21.2773,,S
771,1,1,Mr,male,,1,1,11.7078,,S
772,0,3,Mrs,female,13.6,0,0,16.4229,,Q
773,0,1,Mr,male,64.6,1,0,70.7294,,S
774,0,2,Mrs,female,32.9,0,2,26.1192,,S
775,1,3,Miss,female,30.0,0,2,6.5033,,C
776,0,1,Mr,male,42.6,1,0,58.7212,,S
777,1,1,Miss,female,20.3,1,0,73.8908,,S
778,0,3,Mr,male,29.7,5,0,21.0496,,S
779,0,3,Miss,female,30.5,0,1,4.5839,,C
780,0,3,Master,male,22.3,0,2,7.3382,,C
781,1,3,Mrs,female,47.1,0,1,7.5848,D8,Q
782,1,3,Mrs,female,26.5,2,0,25.5499,A118,C
783,1,2,Miss,female,7.2,0,0,3.6963,,C
784,1,2,Miss,female,,1,0,47.6966,,C
785,0,1,Mr,male,33.3,0,0,109.2201,,S
786,0,3,Master,male,16.7,0,0,15.5813,,S
787,0,3,Rev,male,17.9,0,0,4.752,,C
788,1,2,Mr,male,21.8,0,0,27.4964,,S
789,1,3,Miss,female,47.4,0,0,10.2095,,S
790,0,3,Mr,male,22.6,1,0,12.5076,F111,S
791,1,1,Mrs,female,,0,0,204.7461,F103,S
792,0,3,Mr,male,20.8,0,0,9.4019,,S
793,1,3,Miss,female,34.4,0,0,29.0721,,C
794,0,3,Mr,male,23.2,0,0,8.665,,Q
795,0,1,Mrs,female,,0,0,26.022,,C
796,1,3,Miss,female,13.5,0,4,3.3622,C114,C
797,0,3,Mr,male,,0,0,13.4588,,S
798,0,3,Mr,male,31.4,0,0,19.1228,,S
799,1,3,Mrs,female,20.4,0,0,17.4739,,S
800,0,3,Mr,male,27.3,0,0,23.3065,A110,S
801,0,3,Mr,male,51.9,0,1,15.9985,G45,S
802,0,1,Mr,male,31.7,0,0,18.67,,S
803,0,3,Master,male,19.5,0,1,13.464,,S
804,0,3,Mr,male,12.2,2,0,6.558,,S
805,0,2,Mr,male,37.0,1,1,17.8221,,Q
806,0,3,Mr,male,,1,0,8.4698,B68,S
807,0,3,Mr,male,39.8,0,1,7.5086,,S
808,0,3,Mrs,female,8.5,1,0,8.8857,D50,S
809,0,3,Mr,male,12.7,1,0,31.2088,,S
810,1,1,Dr,female,46.3,1,0,7.504,G95,S
811,0,3,Mr,male,34.5,0,2,3.5727,,S
812,0,3,Mr,male,37.4,0,0,4.0003,F10,S
813,0,1,Mr,male,15.7,1,0,51.1007,,Q
814,0,3,Mr,male,,0,1,16.6551,,S
815,0,3,Mr,male,44.1,0,0,7.8867,G105,C
816,0,3,Mr,male,44.8,0,0,18.1796,,C
817,0,3,Master,male,13.9,0,0,22.2766,,S
818,0,2,Mr,male,,0,0,3.04,G108,S
819,1,1,Miss,female,28.1,0,2,132.7451,,S
820,0,2,Mr,male,18.1,0,1,28.101,,S
821,0,3,Mr,male,17.8,0,0,24.519,,S
822,1,1,Mrs,female,11.6,0,4,61.9169,G58,C
823,0,2,Mr,male,22.9,0,0,19.0973,,S
824,0,2,Dr,male,13.0,0,0,28.437,,Q
825,1,3,Miss,female,13.8,1,0,11.9474,,C
826,0,3,Mr,male,34.0,1,0,2.2367,,Q
827,1,2,Miss,female,,0,0,6.3861,,S
828,1,2,Miss,female,36.7,0,2,15.3885,,Q
829,0,3,Mr,male,5.8,0,1,30.6886,,S
830,0,3,Dr,male,29.8,1,0,15.4245,,S
831,0,1,Mr,male,59.8,0,0,34.1975,,C
832,0,3,Master,male,24.3,0,0,5.9946,,S
833,0,1,Mr,male,,0,2,38.3372,,S
834,1,1,Miss,female,,0,1,52.7108,,S
835,0,3,Mr,male,42.2,1,0,9.1323,,S
836,0,2,Mr,male,32.1,1,1,13.0791,,S
837,0,3,Miss,female,37.9,0,0,8.8429,,S
838,1,2,Mrs,female,39.8,0,0,3.5006,,S
839,0,3,Mr,male,,0,0,2.3669,,S
840,0,3,Mr,male,13.5,0,0,6.9352,,Q
841,0,1,Dr,male,4.9,0,0,21.9787,,S
842,0,3,Mr,male,,0,0,8.7651,,C
843,0,1,Mr,male,25.8,0,0,112.3524,D50,Q
844,1,3,Mr,male,38.3,0,0,23.9132,,S
845,1,1,Miss,female,13.7,2,0,111.8159,,S
846,0,2,Mr,male,43.1,0,0,16.1,,S
847,0,1,Mr,male,22.4,1,0,98.6356,,S
848,0,3,Master,male,22.6,1,2,10.3686,,S
849,0,3,Mr,male,17.6,0,0,9.1232,,S
850,0,3,Mrs,female,,1,0,16.238,D3,S
851,1,1,Miss,female,33.0,0,0,50.2987,,S
852,1,3,Miss,female,54.5,0,1,2.339,,S
853,1,1,Mr,male,28.8,0,5,48.5298,,Q
854,0,3,Mr,male,2.9,8,0,1.9336,,S
855,1,1,Master,male,41.0,0,0,46.337,,Q
856,1,1,Mr,male,6.1,0,2,84.4038,,Q
857,1,1,Mr,male,,2,0,78.2276,,S
858,0,3,Miss,female,26.2,0,0,10.6682,,S
859,0,3,Mr,male,31.5,1,0,9.1912,E94,C
860,0,1,Mr,male,,1,0,80.0396,,C
861,0,3,Mr,male,25.7,1,0,16.1501,F21,S
862,0,3,Master,male,40.1,4,0,7.5985,,Q
863,0,3,Mr,male,42.1,4,0,3.54,,S
864,1,2,Miss,female,47.8,0,2,247.52,E102,S
865,0,2,Miss,female,57.4,1,0,6.2389,,S
866,1,3,Mrs,female,41.4,0,1,4.8187,D25,S
867,0,1,Mr,male,26.6,0,0,121.1747,,S
868,0,1,Col,male,42.2,0,0,80.3111,,S
869,0,3,Mr,male,36.5,0,0,27.3547,,S
870,0,3,Col,male,,4,2,21.8251,,S
871,1,2,Mrs,female,,1,1,16.1636,B26,C
872,0,2,Mr,male,16.5,0,0,30.2334,B57,C
873,0,3,Mr,male,14.8,0,1,3.92,,S
874,0,2,Mr,male,28.3,0,0,14.0297,,S
875,1,1,Mr,male,31.9,1,2,67.6526,,S
876,1,1,Miss,female,19.8,1,0,50.8467,,S
877,0,3,Master,male,35.8,0,2,19.1411,,S
878,0,3,Mr,male,59.9,0,0,13.6633,,S
879,0,1,Mr,male,4.4,0,0,82.1599,,C
880,1,1,Mr,male,38.1,0,0,183.0469,,Q
881,1,1,Miss,female,28.7,2,0,66.1029,B87,S
882,0,3,Mrs,female,,0,0,22.7197,F103,C
883,1,1,Mrs,female,23.5,0,0,142.6294,,S
884,1,1,Miss,female,27.6,0,0,107.45,C31,S
885,0,3,Mr,male,,0,0,28.9729,,S
886,1,1,Mrs,female,25.3,4,0,73.6333,,S
887,0,3,Mr,male,7.7,0,0,13.7964,,S
888,0,1,Mr,male,26.3,0,2,38.4964,,C
889,1,1,Miss,female,9.2,0,0,47.5688,B27,C
890,0,2,Mr,male,39.2,1,0,19.9493,,C
891,0,3,Mrs,female,,0,0,8.3528,F85,C
